[
  {
    "title": "Pasta-Shell Risotto with Broccoli Rabe",
    "description": "Slowly cooking the pasta risotto-style by ladling hot broth over it allows the shells to soak up all of the broth's aroma and results in a velvety, creamy texture. The bitter bite of the greens adds just enough edge.",
    "ingredients": [
      "1 quart reduced-sodium chicken broth",
      "1 quart water",
      "1 bunch broccoli rabe",
      "1/4 cup olive oil",
      "1 medium onion, chopped",
      "2 garlic cloves, chopped",
      "1 lb medium pasta shells",
      "1/2 cup grated Parmigiano-Reggiano"
    ],
    "instructions": {
      "1": "Bring broth, water, and 1 teaspoon salt to a boil in a medium saucepan, then reduce heat and keep at a bare simmer.",
      "2": "Trim tough stem ends from broccoli rabe, then cut remaining stems crosswise into 1-inch pieces and reserve. Coarsely chop florets and leaves.",
      "3": "Heat oil in a 5- to 6-quart heavy pot over medium-high heat until it shimmers, then sauté onion with 1/2 teaspoon salt until softened, 3 to 5 minutes. Stir in garlic and sauté 1 minute, then add pasta, broccoli rabe stems, and 3/4 cup hot broth and simmer briskly, stirring constantly, until broth is absorbed. Continue simmering and adding hot broth, about 3/4 cup at a time, stirring frequently and letting each addition be absorbed before adding the next, until pasta is almost al dente and creamy-looking, 12 to 13 minutes. Stir in remaining broccoli rabe and 1/4 teaspoon pepper and cook, stirring, until pasta is al dente and broccoli rabe is just tender, 2 to 3 minutes. (If needed, add more hot broth to moisten; there will be some broth left over.) Stir in cheese and salt and pepper to taste. Serve with more cheese on the side."
    },
    "cooking_time": 35,
    "servings": null,
    "ratings": {
      "rating": 3.3,
      "count": 9
    },
    "tags": {
      "type": [
        "Risotto",
        "Pasta Shells",
        "Pasta"
      ],
      "cuisine": [
        "Italian",
        "European"
      ],
      "ingredient": [
        "Broccoli Rabe",
        "Vegetable"
      ],
      "meal": [
        "Side",
        "Dinner"
      ],
      "special-consideration": [
        "Nut Free",
        "Vegetarian"
      ],
      "simple-cooking": [
        "30 Minutes or Less",
        "Weeknight Meals"
      ],
      "technique": [
        "Saute"
      ],
      "source": [
        "Gourmet"
      ]
    },
    "publish_date": "October 15, 2007",
    "image_filename": null
  },
  {
    "title": "Penne with Shrimp, Red Onion, and Goat Cheese",
    "description": null,
    "ingredients": [
      "1 pound whole grain penne",
      "Kosher salt",
      "3 tablespoons extra-virgin olive oil, divided",
      "1 1/4 pounds medium uncooked shrimp, peeled, deveined",
      "Freshly ground black pepper",
      "1 large red onion (about 1 pound), halved, thinly sliced crosswise",
      "3 cups cherry tomatoes (about 1 1/2 pints)",
      "7 tablespoons chopped flat-leaf parsley, divided",
      "3 tablespoons chopped fresh oregano, divided",
      "1 5-ounce log fresh goat cheese, crumbled"
    ],
    "instructions": {
      "1": "Cook penne in a large pot of boiling salted water, stirring occasionally, until al dente.",
      "2": "Meanwhile, heat 1 Tbsp. oil in a large heavy skillet over medium-high heat. Season shrimp with salt and pepper. Cook shrimp until just opaque in the center, 1–2 minutes per side. Using a slotted spoon, transfer shrimp to a medium bowl. Add remaining 2 Tbsp. oil and onion to same skillet. Season with salt and pepper and sauté until onion begins to brown and wilt, 5–7 minutes. Add tomatoes; cook, mashing some of tomatoes with the back of a spoon to release juices, until tomatoes are just beginning to soften, about 3 minutes. Stir in 4 Tbsp. parsley, 2 Tbsp. oregano, and shrimp with any accumulated juices.",
      "3": "Drain pasta, reserving 1/2 cup pasta cooking liquid; transfer pasta back to pot. Add shrimp mixture to pasta and toss to evenly incorporate; cook, stirring and adding pasta cooking liquid by tablespoonfuls if pasta is too dry, until pasta is tender and mixture is heated through, 1–2 minutes. Season to taste with salt and pepper.",
      "4": "Transfer pasta mixture to a large wide bowl. Add cheese; toss gently 2 or 3 times. Sprinkle remaining 3 Tbsp. parsley and 1 Tbsp. oregano over."
    },
    "cooking_time": 30,
    "servings": 6,
    "ratings": null,
    "tags": {
      "type": [
        "Pasta",
        "Penne"
      ],
      "cuisine": [
        "Italian American",
        "Italian",
        "European"
      ],
      "ingredient": [
        "Shrimp",
        "Shellfish",
        "Seafood",
        "Cherry Tomato",
        "Tomato",
        "Vegetable",
        "Goat Cheese",
        "Cheese",
        "Dairy"
      ],
      "simple-cooking": [
        "Quick",
        "Weeknight Meals"
      ],
      "meal": [
        "Main",
        "Lunch",
        "Dinner"
      ],
      "special-consideration": [
        "Nut Free"
      ],
      "technique": [
        "Saute"
      ],
      "source": [
        "Bon Appétit"
      ]
    },
    "publish_date": "June 6, 2012",
    "image_filename": "ba-syn-penne-with-shrimp-red-onion-and-goat-cheese"
  },
  {
    "title": "Roasted Salmon with Lentils",
    "description": "The cooking time for lentils can vary widely depending on their age, as older lentils require more time. For the best results, buy a fresh, new bag. A mustard vinaigrette boosts the flavor of this Mediterranean-inspired dish.",
    "ingredients": [
      "3/4 cup lentils, picked over and rinsed",
      "1/2 small onion, chopped",
      "1 large celery stalk, chopped",
      "2 tablespoons red-wine vinegar",
      "1 tablespoon olive oil",
      "1 tablespoon Dijon mustard",
      "1 garlic clove, minced",
      "1/3 cup chopped fresh parsley",
      "Coarse salt and fresh ground pepper",
      "4 skinless salmon fillets (6 ounces each)",
      "Nonstick cooking spray"
    ],
    "instructions": {
      "1": "Combine the lentils and 2 1/2 cups water in a medium saucepan. Bring to a boil; reduce the heat, and simmer, covered, for 5 minutes. Add the onion and celery; cover, and continue cooking until the lentils and vegetables are just tender, 15 to 25 minutes more. Drain, reserving the cooking liquid. Transfer the lentil mixture to a medium bowl.",
      "2": "In a bowl, whisk 2 tablespoons of the reserved cooking liquid with the vinegar, oil, mustard, garlic, and parsley; season with salt and pepper. Toss half the dressing with the lentil mixture.",
      "3": "Heat the broiler. Season the salmon with salt and pepper. Coat a baking sheet with cooking spray. Arrange the salmon on the sheet; broil until opaque throughout, 8 to 10 minutes. Spoon the lentils onto 4 plates; top with the salmon, flaking it into large pieces, if desired. Drizzle with the remaining dressing.",
      "4": "Chopped celery leaves add wonderful flavor to the lentils. Use them in place of or in addition to the parsley."
    },
    "cooking_time": null,
    "servings": null,
    "ratings": null,
    "tags": {
      "cuisine": [
        "Mediterranean"
      ],
      "ingredient": [
        "Salmon",
        "Fish",
        "Seafood",
        "Lentil",
        "Bean and Legume",
        "Vegetable"
      ],
      "meal": [
        "Main",
        "Dinner"
      ],
      "special-consideration": [
        "Dairy Free",
        "Gluten Free",
        "Nut Free"
      ],
      "simple-cooking": [
        "Easy",
        "Weeknight Meals"
      ],
      "technique": [
        "Broil"
      ],
      "source": [
        "Cookbooks"
      ]
    },
    "publish_date": "December 14, 2011",
    "image_filename": null
  },
  {
    "title": "Radicchio with Bacon",
    "description": "Closely related in flavor and spirit to the classic French pissenlit (dandelion greens with bacon), this differs in that the greens are cooked from the start. Also, though it may be finished with lemon, vinegar is almost never used. Other vegetables you can prepare this way: any relatively tender, bitter green—curly endive, escarole, dandelion, even Belgian endive, cut crosswise.",
    "ingredients": [
      "2 tablespoons extra virgin olive oil",
      "1/4 pound slab bacon, cut into 1/4- to 1/2-inch chunks",
      "1 pound radicchio, roughly chopped",
      "Salt and black pepper to taste",
      "Lemon wedges for serving, optional"
    ],
    "instructions": {
      "1": "Put the olive oil in a large skillet, preferably nonstick, over medium-high heat. Add the bacon and cook, stirring occasionally, until crisp, 5 to 10 minutes. Remove with a slotted spoon and set aside for the moment.",
      "2": "Reduce the heat to medium, add the radicchio, and cook, stirring occasionally, until it wilts and becomes tender, about 10 minutes. Add some pepper and salt if necessary, then return the bacon to the pan and cook, stirring occasionally, until the bacon reheats. Serve hot or at room temperature, with the lemon wedges if you like."
    },
    "cooking_time": null,
    "servings": 4,
    "ratings": null,
    "tags": {
      "ingredient": [
        "Bacon",
        "Cured Meat",
        "Meat",
        "Radicchio",
        "Chicory",
        "Leafy Greens",
        "Vegetable"
      ],
      "meal": [
        "Starter",
        "Side",
        "Dinner"
      ],
      "special-consideration": [
        "Dairy Free",
        "Gluten Free",
        "Nut Free",
        "Keto"
      ],
      "simple-cooking": [
        "Quick",
        "Easy",
        "Weeknight Meals",
        "5 Ingredients or Fewer"
      ],
      "technique": [
        "Saute"
      ],
      "source": [
        "Cookbooks"
      ]
    },
    "publish_date": "December 14, 2011",
    "image_filename": null
  },
  {
    "title": "Louisiana Deviled Crab Cakes",
    "description": "These crab cakes are flavored with the \"holy trinity\" of Cajun cooking: onion, green bell pepper, and celery. Serve them with a helping of coleslaw or a green salad.",
    "ingredients": [
      "1/4 cup finely chopped onion",
      "1/4 cup finely chopped green bell pepper",
      "3 tablespoons finely chopped celery",
      "3 tablespoons unsalted butter",
      "1 large egg",
      "1 tablespoon sour cream",
      "1/2 teaspoon dry mustard",
      "1/2 teaspoon Worcestershire sauce",
      "3/4 teaspoon cayenne",
      "3/4 teaspoon salt",
      "2 tablespoons thinly sliced scallion greens",
      "16 saltines, finely ground",
      "1/2 lb jumbo lump crabmeat, picked over",
      "1 tablespoon vegetable oil",
      "Accompaniments: tartar sauce and lemon wedges",
      ""
    ],
    "instructions": {
      "1": "Cook onion, bell pepper, and celery in 1 tablespoon butter in a 10-inch nonstick skillet over moderately low heat, stirring occasionally, until vegetables are softened, about 8 minutes.",
      "2": "Whisk together egg, sour cream, mustard, Worcestershire sauce, cayenne, and salt in a large bowl, then stir in scallion, cooked vegetables, and 1/4 cup saltine crumbs. Gently stir in crabmeat, then form into 4 cakes (2 1/2 to 3 inches in diameter). Dredge cakes in remaining saltine crumbs.",
      "3": "Heat oil and remaining 2 tablespoons butter in cleaned skillet over moderate heat until foam subsides, then cook crab cakes, turning once, until golden brown, 8 minutes total."
    },
    "cooking_time": null,
    "servings": null,
    "ratings": {
      "rating": 4.6,
      "count": 110
    },
    "tags": {
      "cuisine": [
        "Cajun & Creole",
        "Southern",
        "American"
      ],
      "ingredient": [
        "Onion",
        "Root Vegetable",
        "Vegetable",
        "Bell Pepper",
        "Celery",
        "Sour Cream",
        "Dairy",
        "Scallion",
        "Crab",
        "Shellfish",
        "Seafood"
      ],
      "meal": [
        "Main",
        "Starter",
        "Lunch",
        "Dinner"
      ],
      "special-consideration": [
        "Nut Free"
      ],
      "simple-cooking": [
        "Quick",
        "Easy"
      ],
      "technique": [
        "Fry"
      ],
      "source": [
        "Gourmet"
      ]
    },
    "publish_date": "August 20, 2004",
    "image_filename": "louisiana-deviled-crab-cakes-104883"
  },
  {
    "title": "Beet and Carrot Salad with Coriander and Sesame Salt",
    "description": "The shredding disc on the food processor makes quick work of grating the beets and carrots. For a pretty presentation, spoon the salad onto a bed of beet greens, spinach, or arugula. Serve with burgers or fish.",
    "ingredients": [
      "3 1/2 tablespoons minced shallot",
      "3 tablespoons plus 2 teaspoons apple cider vinegar",
      "2 tablespoons fresh orange juice",
      "1 tablespoon white miso (fermented soybean paste)",
      "1 teaspoon finely grated peeled fresh ginger",
      "1/2 teaspoon finely grated orange peel",
      "1/3 cup extra-virgin olive oil",
      "1 1/2 teaspoons coriander seeds",
      "2 tablespoons sesame seeds",
      "3/4 teaspoon coarse kosher salt",
      "4 2-inch-diameter red beets, peeled",
      "1 pound carrots, peeled",
      "Ingredient info: White miso (also known as shiro miso) is available in the refrigerated Asian foods section of some supermarkets and at a natural food stores and Japanese markets"
    ],
    "instructions": {
      "1": "Whisk shallot, vinegar, orange juice, miso, ginger, and orange peel in medium bowl. Let stand 10 minutes to allow flavors to blend. Gradually whisk in oil.",
      "2": "Toast coriander seeds in small skillet over medium heat until beginning to brown, about 2 minutes. Cool. Transfer to spice mill; process until coarsely ground. Add sesame seeds to same skillet. Toast over medium heat until golden brown, about 3 minutes. Add 3/4 teaspoon coarse salt; stir 30 seconds. Transfer sesame salt to small bowl and cool. DO AHEAD: Dressing and toasted spices can be made 1 day ahead.",
      "3": "Cover and chill dressing. Store toasted coriander and sesame salt in separate airtight containers at room temperature.",
      "4": "Using shredding disc on processor or a box grater, coarsely grate beets and carrots. Transfer vegetables to large bowl. Add enough dressing to coat lightly. Add coriander and 1 tablespoon sesame salt. Toss to coat. Let marinate at room temperature 30 minutes. Season salad to taste with salt and pepper. DO AHEAD: Can be made 4 hours ahead. Cover and chill.",
      "5": "Toss salad, adding additional dressing, if desired. Sprinkle with remaining sesame salt and serve."
    },
    "cooking_time": 70,
    "servings": 8,
    "ratings": {
      "rating": 4.4,
      "count": 20
    },
    "tags": {
      "type": [
        "Salad"
      ],
      "ingredient": [
        "Beet",
        "Root Vegetable",
        "Vegetable",
        "Carrot",
        "Miso"
      ],
      "meal": [
        "Side",
        "Dinner"
      ],
      "special-consideration": [
        "Dairy Free",
        "Gluten Free",
        "Nut Free",
        "Vegan",
        "Vegetarian"
      ],
      "simple-cooking": [
        "Weeknight Meals"
      ],
      "technique": [
        "Saute"
      ],
      "equipment": [
        "Food Processor"
      ],
      "source": [
        "Bon Appétit"
      ]
    },
    "publish_date": "September 10, 2010",
    "image_filename": "beet-and-carrot-salad-with-coriander-and-sesame-salt-361290"
  },
  {
    "title": "Zucchini and Rice Pancakes",
    "description": "Somewhere between a frittata, a fritter, and fried rice, these little pancakes are packed with protein and delicious with almost any cooked grain or leftover greens in the filling.",
    "ingredients": [
      "3 tablespoons olive oil, divided",
      "1 garlic clove, finely chopped",
      "1 15-ounce can crushed tomatoes",
      "½ teaspoon dried oregano",
      "Kosher salt, freshly ground pepper",
      "1 small zucchini, thinly sliced",
      "½ cup cooked leftover rice or any other grain",
      "2 large eggs, beaten to blend"
    ],
    "instructions": {
      "1": "Heat 1 Tbsp. oil in a medium saucepan over medium. Add garlic and cook, stirring often, until fragrant, about 1 minute. Add tomatoes and oregano and cook, stirring occasionally, until reduced and slightly thickened, about 10 minutes. Transfer to a medium bowl and season with salt and pepper.",
      "2": "Heat 1 Tbsp. oil in a small nonstick skillet over medium-high. Add zucchini, season with salt and pepper, and cook, tossing occasionally, until golden and tender, about 4 minutes. Add rice and remaining 1 Tbsp. oil. Cook, stirring occasionally, until rice is crisp, about 3 minutes. Reduce heat to medium and add eggs, tilting skillet to evenly distribute. Cook, undisturbed, until eggs are mostly set, about 1 minute. Invert pancake onto a plate, then slide back into skillet. Cook until golden brown on the second side, about 1 minute more. Let cool slightly before cutting into wedges. Serve with reserved tomato sauce for dipping.",
      "3": "Do Ahead: Tomato sauce can be made up to 3 days ahead. Cover and chill."
    },
    "cooking_time": null,
    "servings": 2,
    "ratings": null,
    "tags": {
      "type": [
        "Pancake"
      ],
      "ingredient": [
        "Zucchini",
        "Squash",
        "Vegetable",
        "Rice",
        "Rice & Grains"
      ],
      "simple-cooking": [
        "Easy",
        "Quick"
      ],
      "meal": [
        "Snack",
        "Lunch"
      ],
      "special-consideration": [
        "Gluten Free",
        "Nut Free",
        "Dairy Free",
        "Vegetarian"
      ],
      "technique": [
        "Fry"
      ],
      "source": [
        "Bon Appétit"
      ]
    },
    "publish_date": "June 16, 2015",
    "image_filename": "ba-syn-zucchini-rice-pancakes"
  },
  {
    "title": "Farm Eggs with Watercress and Parsley Sauce",
    "description": "It's not Easter dinner without the eggs. In this recipe, they are boiled just until the yolks are set, then sliced and topped with a fresh herb sauce.",
    "ingredients": [
      "10 large eggs (preferably local farm eggs), room temperature",
      "2 tablespoons plus 1/2 teaspoon coarse kosher salt",
      "1 small garlic clove, thinly sliced",
      "2 tablespoons boiling water",
      "1/4 cup coarsely chopped watercress",
      "1/4 cup coarsely chopped fresh Italian parsley",
      "1/8 teaspoon cayenne pepper",
      "1/2 cup extra-virgin olive oil"
    ],
    "instructions": {
      "1": "Place eggs in single layer in large saucepan. Pour enough water over eggs to cover by 1 1/2 inches. Add 2 tablespoons coarse salt and bring to boil over high heat. Remove from heat; cover saucepan tightly and let stand 8 minutes. Drain. Return eggs to pan; cover with lid and shake pan to crack egg shells. Place eggs in large bowl of ice water and cool 5 minutes. Peel eggs and set aside.",
      "2": "Place garlic in small ramekin; pour 2 tablespoons boiling water over and let stand 2 minutes. Transfer garlic with garlic liquid to blender. Add watercress, parsley, cayenne, and remaining 1/2 teaspoon coarse salt. With blender running, add olive oil in thin stream and blend until mixture is smooth. Season to taste with freshly ground black pepper. do ahead Eggs and watercress-parsley sauce can be made 4 hours ahead. Cover separately and chill. Bring sauce to room temperature before using.",
      "3": "Cut eggs lengthwise into halves or quarters. If desired, cut off very thin slice from rounded side of each half or quarter so that eggs can stand upright. Arrange eggs on platter. Sprinkle lightly with salt and freshly ground pepper. Spoon watercress-parsley sauce over and around eggs and serve."
    },
    "cooking_time": null,
    "servings": 10,
    "ratings": {
      "rating": 4.2,
      "count": 3
    },
    "tags": {
      "type": [
        "Egg"
      ],
      "cuisine": [
        "Southern",
        "American"
      ],
      "ingredient": [
        "Watercress",
        "Leafy Greens",
        "Vegetable",
        "Parsley",
        "Herbs & Spices"
      ],
      "meal": [
        "Starter",
        "Side",
        "Dinner"
      ],
      "special-consideration": [
        "Nut Free",
        "Gluten Free",
        "Vegetarian",
        "Dairy Free"
      ],
      "simple-cooking": [
        "Easy",
        "Weeknight Meals",
        "Quick"
      ],
      "technique": [
        "Simmer"
      ],
      "equipment": [
        "Food Processor",
        "Blender"
      ],
      "occasion": [
        "Spring"
      ],
      "source": [
        "Bon Appétit"
      ]
    },
    "publish_date": "January 29, 2008",
    "image_filename": "farm-eggs-with-watercress-and-parsley-sauce-241632"
  },
  {
    "title": "Tuna Burgers",
    "description": null,
    "ingredients": [
      "Two 6-ounce cans solid white tuna, drained",
      "1/2 cup breadcrumbs",
      "2 large eggs, lightly beaten",
      "1/2 cup finely chopped onion",
      "1/2 cup finely chopped celery",
      "1 tablespoon chopped pimento (optional)",
      "1 tablespoon fresh lemon juice",
      "1 1/2 teaspoons prepared horseradish",
      "1 clove garlic, minced",
      "1/4 teaspoon pepper",
      "1 tablespoon vegetable oil"
    ],
    "instructions": {
      "1": "In a large bowl, combine the tuna, breadcrumbs, and egg, and stir lightly. Add the onion, celery, pimento (if using), lemon juice, horseradish, garlic, and pepper, and mix again. Form the mixture into four patties. Heat the oil in a nonstick skillet over medium heat and cook the patties, covered, until golden brown. Carefully flip the patties and cook the other side for 5 minutes."
    },
    "cooking_time": null,
    "servings": null,
    "ratings": null,
    "tags": {
      "type": [
        "Burger",
        "Sandwich"
      ],
      "cuisine": [
        "Southern",
        "American"
      ],
      "ingredient": [
        "Tuna",
        "Fish",
        "Seafood",
        "Onion",
        "Root Vegetable",
        "Vegetable",
        "Celery",
        "Horseradish",
        "Herbs & Spices"
      ],
      "meal": [
        "Main",
        "Dinner"
      ],
      "special-consideration": [
        "Nut Free",
        "Dairy Free"
      ],
      "simple-cooking": [
        "Easy",
        "Quick",
        "Weeknight Meals",
        "30 Minutes or Less"
      ],
      "technique": [
        "Grilling"
      ],
      "source": [
        "Cookbooks"
      ]
    },
    "publish_date": "December 14, 2011",
    "image_filename": null
  },
  {
    "title": "Beet-Potato Salad with Lemon",
    "description": "Beets and potatoes team up in this simple, slightly spicy Ethiopian salad from Meskerem Restaurant in Washington, D.C.",
    "ingredients": [
      "1/2 onion, chopped",
      "1/4 cup fresh lemon juice",
      "3 tablespoons vegetable oil",
      "1 jalapeño chili, seeded, minced",
      "1 pound red-skinned potatoes",
      "1 pound beets"
    ],
    "instructions": {
      "1": "Combine onion, lemon juice, oil and jalapeño in large bowl. Set aside.",
      "2": "Cook potatoes and beets in separate large saucepans of boiling salted water until just tender, about 30 minutes for potatoes and 45 minutes for beets. Drain. Cool slightly. Peel and cut into 1/2-inch cubes.",
      "3": "Add beets and potatoes to lemon mixture and toss to coat. Season generously with salt and pepper. Serve warm or at room temperature."
    },
    "cooking_time": null,
    "servings": null,
    "ratings": {
      "rating": 3.2,
      "count": 7
    },
    "tags": {
      "type": [
        "Potato Salad",
        "Salad"
      ],
      "ingredient": [
        "Beet",
        "Root Vegetable",
        "Vegetable",
        "Red Skin Potato",
        "Potato"
      ],
      "meal": [
        "Side",
        "Dinner"
      ],
      "special-consideration": [
        "Dairy Free",
        "Gluten Free",
        "Nut Free",
        "Vegan",
        "Vegetarian"
      ],
      "simple-cooking": [
        "Easy",
        "5 Ingredients or Fewer"
      ],
      "technique": [
        "Simmer"
      ],
      "occasion": [
        "Juneteenth"
      ],
      "source": [
        "Bon Appétit"
      ]
    },
    "publish_date": "August 20, 2004",
    "image_filename": null
  },
  {
    "title": "Southwestern Barbecued Brisket with Ancho Chile Sauce",
    "description": "Ancho chile powder gives the meat its southwestern flavor. Chef Purviance suggests serving the brisket with southwestern-style coleslaw (sliced cabbage, jicama, and red onions tossed in a red-wine vinaigrette) and black beans with corn, tomatoes, and chiles. Leftovers would make great sandwiches.",
    "ingredients": [
      "4 teaspoons coarse kosher salt",
      "1 tablespoon (packed) golden brown sugar",
      "2 teaspoons ancho chile powder*",
      "1 teaspoon paprika",
      "1 teaspoon ground cumin",
      "1 teaspoon granulated garlic",
      "1 teaspoon coarsely ground black pepper",
      "1 5-to 5 1/2-pound flat-cut (also called first-cut) brisket with 1/4- to 1/2-inch layer of fat on 1 side",
      "4 cups hickory or oak wood chips, soaked in water 1 hour",
      "4 disposable 6 x 3 3/4 x 2-inch mini aluminum loaf pans (for wood chips, if using gas grill)",
      "2 11 3/4 x 8 1/2x1 1/4-inch disposable aluminum pans (for brisket)",
      "Heavy-duty aluminum foil",
      "Ancho Chile Sauce"
    ],
    "instructions": {
      "1": "Mix first 7 ingredients in small bowl. Rub spice blend over brisket. Wrap brisket in plastic; refrigerate at least 2 hours and up to 24 hours.",
      "2": "Remove top rack from barbecue. Prepare barbecue (low heat). Light briquettes in chimney; pour onto 1 side of lower grill rack (you'll need to light more briquettes in chimney to replenish 2 or 3 more times during grilling). Drain 2 cups wood chips. Scatter 2 cups wood chips over coals. Return grill rack to barbecue. Heat barbecue to 300°F.",
      "3": "Remove top rack from barbecue. Prepare barbecue (low heat). If using 2-burner grill, light 1 burner. If using 3-burner grill, do not light center burner. Drain 2 cups wood chips. Stack 2 mini loaf pans (one inside the other); fill with 1 cup wood chips. Stack remaining loaf pans; fill with 1 cup wood chips. Place pans over flame (if using 3-burner grill, place both pans on 1 lit side). Return rack to barbecue. Heat barbecue to 300°F. (If temperature rises too high on 3-burner grill, turn off burner without chips.)",
      "4": "Unwrap brisket and arrange fat side up in 11 3/4 x 8 1/2 x 1 1/4-inch aluminum pan; place pan over unlit part of barbecue. Cover barbecue. Cook brisket until instant-read thermometer inserted into center registers 160°F, adjusting vents or adding more charcoal as needed (if using charcoal grill) or adjusting gas levels (if using gas grill) to maintain temperature inside barbecue grill at 250°F, about 31/2 hours. Baste brisket occasionally with pan juices and add more drained wood chips as needed.",
      "5": "Remove pan with brisket. Discard pan and juices. Wrap brisket tightly in 2 wide sheets of heavy-duty foil. Place in clean 11 3/4 x 8 1/2 x 1 1/4-inch aluminum pan. Return to grill over unlit side, maintaining temperature inside grill at 250°F, until instant-read thermometer inserted into thickest part of center of brisket registers 190°F, about 1 1/2 hours longer. Transfer brisket in pan to rimmed baking sheet. Let rest at least 1 hour and up to 2 hours.",
      "6": "Carefully unwrap brisket, saving any juices in foil. Transfer juices to small pitcher. Place brisket on work surface. Thinly slice brisket across grain; transfer to platter. Brush brisket with some of juices. Serve with any remaining juices and Ancho Chile Sauce.",
      "7": "* Available in the spice section of many supermarkets and at Latin markets."
    },
    "cooking_time": null,
    "servings": 6,
    "ratings": {
      "rating": 4.4,
      "count": 11
    },
    "tags": {
      "cuisine": [
        "Southwestern",
        "American"
      ],
      "ingredient": [
        "Brisket",
        "Beef",
        "Meat",
        "Ancho Chile",
        "Chile",
        "Vegetable"
      ],
      "meal": [
        "Main",
        "Dinner"
      ],
      "special-consideration": [
        "Nut Free",
        "Gluten Free",
        "Dairy Free"
      ],
      "technique": [
        "Grilling"
      ],
      "occasion": [
        "Labor Day",
        "Juneteenth"
      ],
      "source": [
        "Bon Appétit"
      ]
    },
    "publish_date": "June 3, 2008",
    "image_filename": "southwestern-barbecued-brisket-with-ancho-chile-sauce-242727"
  },
  {
    "title": "Ravio-Sagne",
    "description": "This dish is insanely great for potlucks. Instead of other lasagnes that you can slave over for hours, you can now spend just 10 minutes throwing this together. And the best news is that it can be assembled up to 1 day in advance. After preparing it, simply cover it with plastic wrap and store it in the refrigerator (be sure to remove the plastic wrap before baking!) so it can be baked just before serving. Make sure you find a brand of ravioli with as little fat as possible. Some are laden with tons of fat and calories, yet they don’t taste any better than those that are lower in fat and calories. Rosetto also makes a whole-wheat ravioli that’s delicious and just as low in fat and calories but packs 6 grams of fiber per serving (I buy it at Whole Foods). Though the bag is slightly smaller (22 ounces instead of 25), so you’ll need a bag plus a few more ravioli to make the recipe as written, it’s worth buying.",
    "ingredients": [
      "2 cups low-fat, preferably lower-sodium marinara sauce",
      "25-ounce package frozen rectangle cheese ravioli (about 1 inch by 1 1/2 inches; no more than 4 g of fat per 9-piece serving; I used Rosetto)",
      "6 ounces (about 2 cups plus 2 tablespoons) reduced-fat, finely shredded mozzarella cheese (no more than 3 g of fat per ounce; I used Lucerne, found at Safeway chains), divided",
      "1/3 cup finely slivered basil leaves, divided"
    ],
    "instructions": {
      "1": "Preheat the oven to 400°F.",
      "2": "Spoon 1/2 cup sauce evenly into the bottom of an 11x7-inch ceramic or glass baking dish. Lay one-third of the ravioli (about 18 pieces) side by side in a single layer to cover the bottom of the dish. Spoon another 1/2 cup sauce evenly over top. Sprinkle one-third of the cheese and one-third of the basil evenly over that. Repeat the layering 2 more times beginning with the ravioli. Cover the dish with foil. Bake for 40 minutes. Remove the foil and continue baking an additional 10 minutes, or until the pasta is heated through and the cheese is melted. Let stand 10 minutes, and then slice into 6 equal pieces and serve immediately.",
      "3": "Each (1/6 casserole) serving has:",
      "4": "Calories: 301",
      "5": "Protein: 18g",
      "6": "Carbohydrates: 43g",
      "7": "Fat: 7g",
      "8": "Saturated fat: 3g",
      "9": "Cholesterol: 26mg",
      "10": "Fiber: 4g",
      "11": "Sodium: 689mg"
    },
    "cooking_time": null,
    "servings": 6,
    "ratings": null,
    "tags": {
      "type": [
        "Pasta",
        "Ravioli"
      ],
      "ingredient": [
        "Mozzarella",
        "Cheese",
        "Dairy",
        "Basil",
        "Herbs & Spices"
      ],
      "meal": [
        "Main",
        "Starter",
        "Dinner"
      ],
      "special-consideration": [
        "Nut Free"
      ],
      "simple-cooking": [
        "Make Ahead",
        "Easy",
        "5 Ingredients or Fewer",
        "Weeknight Meals"
      ],
      "technique": [
        "Oven Bake"
      ],
      "source": [
        "Cookbooks"
      ]
    },
    "publish_date": "December 9, 2011",
    "image_filename": null
  },
  {
    "title": "Chickpea Nibbles and Crunchy Split Pea Bites",
    "description": "Loaded with folate, iron, and B vitamins, chickpeas and split peas are also high in protein and fiber. Here they combine to make a satisfying mid-afternoon snack; you can also serve either of them as an easy hors d’oeuvre, alongside a bowl of olives.",
    "ingredients": [
      "1 can (15 ounces) chickpeas, drained and rinsed",
      "2 tablespoons olive oil",
      "Coarse salt",
      "1 teaspoon chili powder",
      "(makes 1 cup)",
      "1 cup dried green or yellow split peas",
      "3 cups water",
      "4 teaspoons sesame oil",
      "4 teaspoons neutral-tasting oil, such as canola or safflower",
      "Coarse salt",
      "(makes 1 1/2 cups)"
    ],
    "instructions": {
      "1": "Preheat oven to 375°F. Pat chickpeas dry, then toss in a bowl with oil, 1/2 teaspoon salt (or to taste), and the chili powder. Spread in an even layer on a rimmed baking sheet, and bake until crunchy, stirring occasionally, 40 to 45 minutes. Let cool before serving. Peas may be kept in an airtight container for 3 days at room temperature.",
      "2": "Place split peas in a large bowl; add the water and cover bowl with plastic wrap. Let soak at room temperature until softened, 4 to 5 hours.",
      "3": "Drain split peas and thoroughly pat dry with paper towels. Heat a large skillet over medium-high and add 2 teaspoons of each type of oil. Add half the peas and cook, stirring frequently, until they begin to turn golden brown in spots and become crunchy, 6 to 8 minutes. Transfer to a paper towel–lined baking sheet. Season with 1/4 teaspoon salt (or to taste). Repeat with the remaining oil and peas. Let cool before serving. Peas may be kept for 3 days in an airtight container at room temperature.",
      "4": "CHICKPEA NIBBLES",
      "5": "(Per 1/4-cup serving)",
      "6": "Calories: 239",
      "7": "Saturated Fat: 1.3g",
      "8": "Unsaturated Fat: 7.9g",
      "9": "Cholesterol: 0mg",
      "10": "Carbohydrates: 29.5g",
      "11": "Protein: 9.5g",
      "12": "Sodium: 84mg",
      "13": "Fiber: 5.1g",
      "14": "CRUNCHY SPLIT PEA BITES",
      "15": "(Per 1/4-cup serving)",
      "16": "Calories: 166",
      "17": "Saturated Fat: .7g",
      "18": "Unsaturated Fat: 5.4g",
      "19": "Cholesterol: 0mg",
      "20": "Carbohydrates: 20g",
      "21": "Protein: 8.1g",
      "22": "Sodium: 52mg",
      "23": "Fiber: 8.4g"
    },
    "cooking_time": null,
    "servings": null,
    "ratings": null,
    "tags": {
      "ingredient": [
        "Chickpea",
        "Bean and Legume",
        "Vegetable",
        "Split Pea"
      ],
      "meal": [
        "Snack",
        "Lunch",
        "Dinner",
        "Brunch"
      ],
      "special-consideration": [
        "Vegetarian",
        "Vegan",
        "Nut Free",
        "Gluten Free",
        "Dairy Free"
      ],
      "technique": [
        "Fry",
        "Oven Bake"
      ],
      "source": [
        "Cookbooks"
      ]
    },
    "publish_date": "January 26, 2012",
    "image_filename": null
  },
  {
    "title": "Brandied Cherry Manhattan",
    "description": "The Beauty of the Manhattan is its smooth simplicity. That’s why it’s so important to use the best ingredients available. For the vermouth, I prefer Antica Formula Carpano, which has a fresh and complex herbaceousness. Near my country house is the Tuthilltown Spirits whiskey distillery, and their New York Whiskey tastes great in this drink. To embellish on the original, I add just a touch of brandied sour cherries and their juices. You can buy them at a specialty foods store.",
    "ingredients": [
      "1/4 cup whiskey",
      "2 tablespoons vermouth",
      "1 1/2 teaspoons brandied sour cherry juice",
      "3 brandied sour cherries, skewered on a cocktail pick"
    ],
    "instructions": {
      "1": "Fill a cocktail shaker with ice. Add the whiskey, vermouth, and cherry juice. Stir well. Strain into a martini glass and garnish with the cherries."
    },
    "cooking_time": null,
    "servings": null,
    "ratings": null,
    "tags": {
      "type": [
        "Cocktail",
        "Alcohol",
        "Beverages",
        "Vermouth",
        "Whiskey"
      ],
      "source": [
        "Cookbooks"
      ]
    },
    "publish_date": "January 24, 2012",
    "image_filename": null
  },
  {
    "title": "Mashed Red-Skinned Potatoes",
    "description": "Mashed potatoes are at their best when you don't fuss with them too much, and leaving the skins on gives them a rustic, almost rakish air. These harmonize beautifully with a generous splash of the chicken's luxurious gravy , but remember to save room for dessert.",
    "ingredients": [
      "2 pound red potatoes (preferably organic)",
      "1 cup whole milk",
      "1/2 stick unsalted butter, softened"
    ],
    "instructions": {
      "1": "Cut potatoes (with skin) into 1-inch pieces, then generously cover with cold salted water (1 teaspoon salt for 5 cups water) in a large saucepan and simmer, partially covered, until potatoes are tender, 10 to 15 minutes.",
      "2": "Meanwhile, heat milk, butter, and 1/2 teaspoon pepper in a small saucepan over medium heat until butter is melted.",
      "3": "Drain potatoes well in a colander and return to pan. Mash with a potato masher, and, while hot, stir in milk mixture. Season with salt.",
      "4": "Haggipavlu Nemea '04"
    },
    "cooking_time": 30,
    "servings": 4,
    "ratings": {
      "rating": 4.5,
      "count": 15
    },
    "tags": {
      "ingredient": [
        "Red Skin Potato",
        "Potato",
        "Root Vegetable",
        "Vegetable"
      ],
      "meal": [
        "Side",
        "Dinner"
      ],
      "special-consideration": [
        "Gluten Free",
        "Nut Free",
        "Vegetarian"
      ],
      "simple-cooking": [
        "Quick",
        "Easy",
        "Weeknight Meals",
        "5 Ingredients or Fewer",
        "30 Minutes or Less"
      ],
      "source": [
        "Gourmet"
      ]
    },
    "publish_date": "March 18, 2009",
    "image_filename": "mashed-red-skinned-potatoes-241169"
  },
  {
    "title": "Tomato and Olive Penne",
    "description": "In this foolproof pasta dish, the cherry tomatoes cook just long enough to bring out their juice, which blends with the garlic-flavored olive oil to make a great-tasting sauce.",
    "ingredients": [
      "Coarse salt and fresh ground pepper",
      "1 pound penne or other short pasta",
      "1/4 cup olive oil",
      "2 garlic cloves, thinly sliced",
      "1/4 pound cherry tomatoes (2 cups), halved or quartered",
      "1 teaspoon dried oregano",
      "1/4 teaspoon red pepper flakes (optional)",
      "1/4 cup kalamata olives, pitted and sliced",
      "1/4 cup chopped fresh parsley",
      "1/4 cup grated Parmesan cheese, plus more for serving (optional)"
    ],
    "instructions": {
      "1": "In a large pot of boiling salted water, cook the penne until al dente according to the package instructions. Drain.",
      "2": "Meanwhile, in a large skillet, heat the olive oil over medium heat. Add the garlic, and cook, stirring, until just golden, about 1 minute. Add the cherry tomatoes, oregano, red pepper flakes, 1/2 teaspoon salt, and 1/4 teaspoon pepper. Reduce the heat to low, and cook, stirring, until the tomato juices run, about 3 minutes.",
      "3": "Add the penne, olives, parsley, and 1/4 cup Parmesan to the skillet and toss to combine. Serve with more cheese, if desired.",
      "4": "The easiest way to pit an olive is to lay a wide chef’s knife over it and smack the blade with your fist or the palm of your hand. The olive should split open, and the pit will pop right out."
    },
    "cooking_time": null,
    "servings": null,
    "ratings": null,
    "tags": {
      "type": [
        "Pasta",
        "Penne"
      ],
      "ingredient": [
        "Cherry Tomato",
        "Tomato",
        "Vegetable",
        "Olive"
      ],
      "meal": [
        "Main",
        "Side",
        "Dinner"
      ],
      "special-consideration": [
        "Vegetarian",
        "Nut Free"
      ],
      "simple-cooking": [
        "Easy",
        "Quick",
        "Weeknight Meals"
      ],
      "technique": [
        "Saute"
      ],
      "occasion": [
        "Summer"
      ],
      "source": [
        "Cookbooks"
      ]
    },
    "publish_date": "December 14, 2011",
    "image_filename": null
  },
  {
    "title": "Roasted Salmon Fillet with Onion Butter",
    "description": "There’s nothing quite so delicious as salmon roasted with soy-flavored butter as a final baste. In the convection oven it cooks amazingly fast. Remove from the oven just when the fish is done.",
    "ingredients": [
      "1 whole salmon, filleted (4 to 5 pounds)",
      "8 tablespoons (1 stick) butter",
      "6 green onions, minced, including the green part",
      "3 tablespoons soy sauce"
    ],
    "instructions": {
      "1": "Position the oven racks so that one rack is in the center of the oven. Preheat the oven to convection roast at 500°F. Cover a large, rimmed baking pan (a half sheet pan works well) with foil and coat with nonstick spray.",
      "2": "Pat the salmon fillets dry with paper towels and place on the prepared pan, skin side down.",
      "3": "In a skillet, heat the butter and add the green onions; sauté over medium heat until the onions are soft. Add the soy sauce.",
      "4": "Brush the salmon with the butter mixture. Roast it for 8 to 10 minutes or until the salmon is just cooked.",
      "5": "Remove the salmon from the oven and peel back the skin. Brush it with the remaining butter mixture. Transfer the salmon to a warmed serving platter to serve."
    },
    "cooking_time": null,
    "servings": null,
    "ratings": null,
    "tags": {
      "ingredient": [
        "Salmon",
        "Fish",
        "Seafood"
      ],
      "meal": [
        "Main",
        "Dinner"
      ],
      "special-consideration": [
        "Gluten Free",
        "Nut Free"
      ],
      "simple-cooking": [
        "Quick",
        "Easy",
        "5 Ingredients or Fewer",
        "Weeknight Meals"
      ],
      "technique": [
        "Roast"
      ],
      "source": [
        "Cookbooks"
      ]
    },
    "publish_date": "December 9, 2011",
    "image_filename": null
  },
  {
    "title": "Seared Swordfish with Caper-Onion Sauce",
    "description": "WITH A MEATY TEXTURE AND MILD FLAVOR, swordfish pairs flawlessly with bold ingredients. The caper-onion sauce, with bracing white wine and lemon, brings big flavor to the fish. If you can’t find swordfish, substitute another meaty fish, such as mahi-mahi.",
    "ingredients": [
      "1/4 cup extra-virgin olive oil",
      "1/4 medium yellow onion, thickly sliced lengthwise",
      "2 tablespoons capers, drained",
      "4 8-ounce swordfish steaks",
      "Kosher salt and freshly ground black pepper to taste",
      "1 garlic clove, minced",
      "2 teaspoons freshly squeezed lemon juice",
      "1 1/2 cups white wine",
      "1 1/2 teaspoons sugar",
      "2 tablespoons roughly chopped fresh basil",
      "1 tablespoon cold unsalted butter, cut into pieces"
    ],
    "instructions": {
      "1": "Heat the oil in a large skillet over medium-high heat. Add the onion and sauté for 1 minute. Add the capers and sauté until the onions are just barely translucent, about 2 minutes. (Be careful when you add the capers; they may spit in the hot oil.) Push the vegetables to the side of the pan with a spatula.",
      "2": "Sprinkle both sides of each swordfish steak with a pinch each of salt and pepper. Lay the swordfish in the middle of the frying pan, leaving the onions pushed to the side. Cook the swordfish for 2 minutes. While the swordfish cooks, stir the vegetable mixture to prevent it from burning. Reduce the temperature to medium and flip the swordfish. Spoon the vegetable mixture on top of the swordfish. Cook the swordfish for 1 1/2 more minutes, or to desired level of doneness. For medium rare, a meat thermometer inserted in the thickest part of the swordfish will read 145˚F. For medium to well done, cook the fish to 155˚F. or higher. Remove the pan from the heat and transfer the swordfish to a serving platter, leaving the onion mixture in the pan.",
      "3": "Add the garlic, lemon juice, white wine, sugar, and a pinch each of salt and pepper to the onion mixture and stir. Bring to a boil over high heat and reduce the liquid to 1/4 cup, about 5 minutes. Remove from the heat, add the basil, and whisk in the butter until it melts.",
      "4": "Spoon the sauce over the swordfish and serve."
    },
    "cooking_time": null,
    "servings": null,
    "ratings": null,
    "tags": {
      "ingredient": [
        "Swordfish",
        "Fish",
        "Seafood",
        "Mahi-Mahi",
        "Onion",
        "Root Vegetable",
        "Vegetable"
      ],
      "meal": [
        "Main",
        "Dinner"
      ],
      "special-consideration": [
        "Gluten Free",
        "Nut Free"
      ],
      "simple-cooking": [
        "Quick",
        "Easy",
        "Weeknight Meals"
      ],
      "technique": [
        "Sear"
      ],
      "source": [
        "Cookbooks"
      ]
    },
    "publish_date": "December 22, 2011",
    "image_filename": null
  },
  {
    "title": "Porcini-Scented “Wild” Mushroom Saute",
    "description": "How to get great flavor out of ordinary white mushrooms? Add a handful of dried porcini. You will not believe the difference.",
    "ingredients": [
      "1/2 cup dried porcini",
      "1/4 cup extra virgin olive oil",
      "1 pound button mushrooms, trimmed and sliced",
      "Salt and freshly ground black pepper",
      "1 teaspoon minced garlic",
      "2 tablespoons minced fresh parsley"
    ],
    "instructions": {
      "1": "Pour boiling water over the porcini to reconstitute; let them sit for about 10 minutes, or until tender, then drain and trim off any hard spots.",
      "2": "Put the olive oil in a large skillet over high heat; a minute later, add the porcini and button mushrooms, along with a big pinch of salt and some pepper, and cook, stirring occasionally, until the mushrooms give off most of their liquid and begin to brown, about 10 minutes. Turn the heat to medium-low and add the garlic. Continue to cook for a few more minutes, until the mixture is tender and glossy. Taste and adjust the seasoning, stir in the parsley, and serve hot or warm.",
      "3": "The best-tasting dried mushrooms are dried porcini (also called cèpes), which have come down about 50 percent in price over the last few years. Try to find dried porcini sold in bulk, not in tiny little packages of less than an ounce each (these are a complete rip-off). If you live in a big city, a major Italian or specialty food market will have them; otherwise, you can find good sources on the Internet. I usually buy about a pound at a time, which usually costs about fifty bucks and lasts me a couple of years."
    },
    "cooking_time": null,
    "servings": 4,
    "ratings": null,
    "tags": {
      "ingredient": [
        "Porcini Mushroom",
        "Mushroom",
        "Vegetable",
        "Button Mushroom"
      ],
      "meal": [
        "Side",
        "Lunch",
        "Dinner"
      ],
      "special-consideration": [
        "Vegan",
        "Vegetarian",
        "Gluten Free",
        "Dairy Free",
        "Nut Free"
      ],
      "simple-cooking": [
        "Quick",
        "Easy",
        "5 Ingredients or Fewer"
      ],
      "technique": [
        "Saute"
      ],
      "source": [
        "Cookbooks"
      ]
    },
    "publish_date": "December 20, 2011",
    "image_filename": null
  },
  {
    "title": "Sweet Potato Wedges with Sesame-Soy Dipping Sauce",
    "description": "Think of these roasted sweet potato wedges as a heart-healthy variation on French fries—without the frying. A sprinkling of sesame seeds and a tangy dipping sauce lend Asian flavors.",
    "ingredients": [
      "4 sweet potatoes (about 2 pounds), peeled and cut into 3/4-inch-thick wedges",
      "1 tablespoon plus 1 teaspoon extra-virgin olive oil",
      "Coarse salt",
      "2 tablespoons low-sodium tamari soy sauce",
      "2 tablespoons rice vinegar (unseasoned)",
      "1/4 teaspoon toasted sesame oil",
      "1 1/2 teaspoons sesame seeds"
    ],
    "instructions": {
      "1": "Preheat oven to 425°F. Toss sweet potatoes with olive oil and 1/4 teaspoon salt on a rimmed baking sheet. Spread in an even layer, and roast, turning halfway through (they should release easily from sheet), until tender and slightly browned, about 30 minutes.",
      "2": "Meanwhile, stir together tamari, vinegar, and sesame oil in a small bowl.",
      "3": "Transfer potatoes to a serving dish; immediately sprinkle with sesame seeds. Serve with dipping sauce.",
      "4": "(Per Serving)",
      "5": "Calories: 168",
      "6": "Saturated Fat: .5g",
      "7": "Unsaturated Fat: 3g",
      "8": "Cholesterol: 0mg",
      "9": "Carbohydrates: 32g",
      "10": "Protein: 3g",
      "11": "Sodium: 309mg",
      "12": "Fiber: 5g"
    },
    "cooking_time": null,
    "servings": null,
    "ratings": null,
    "tags": {
      "cuisine": [
        "Asian",
        "American"
      ],
      "ingredient": [
        "Sweet Potato",
        "Potato",
        "Root Vegetable",
        "Vegetable"
      ],
      "meal": [
        "Side",
        "Starter",
        "Dinner"
      ],
      "special-consideration": [
        "Dairy Free",
        "Nut Free",
        "Gluten Free",
        "Vegetarian",
        "Vegan"
      ],
      "simple-cooking": [
        "Easy",
        "Weeknight Meals"
      ],
      "technique": [
        "Roast"
      ],
      "occasion": [
        "Fall"
      ],
      "source": [
        "Cookbooks"
      ]
    },
    "publish_date": "January 26, 2012",
    "image_filename": null
  },
  {
    "title": "Kimchi Quesadilla",
    "description": null,
    "ingredients": [
      "1/2 cup unsalted butter",
      "2 cups chopped kimchi",
      "4 tablespoons canola oil",
      "4 (12-inch) flour tortillas",
      "4 cups shredded Cheddar-Jack cheese",
      "8 sesame or shiso leaves, torn",
      "1/4 cup toasted sesame seeds"
    ],
    "instructions": {
      "1": "Melt the butter in a sauté pan over medium heat. Add the kimchi and cook, stirring, until caramelized and slightly charred, about 10 minutes.",
      "2": "Add 1 tablespoon of the canola oil to a large nonstick pan or griddle over medium heat. Place one of the tortillas in the pan and sprinkle 1 cup of the cheese on one half of the tortilla. Add about a quarter of the caramelized kimchi, a quarter of the sesame or shiso leaves, and a quarter of the sesame seeds. Fold over to create a half-moon. Continue to cook until the bottom of the tortilla blisters like a Neapolitan pizza. Flip the quesadilla over and cook the second side until it reaches the same doneness. Transfer to a plate, cut into triangle-shaped pieces, and serve."
    },
    "cooking_time": null,
    "servings": null,
    "ratings": null,
    "tags": {
      "type": [
        "Quesadilla"
      ],
      "cuisine": [
        "Mexican",
        "Latin American",
        "Asian"
      ],
      "ingredient": [
        "Cheddar",
        "Cheese",
        "Dairy",
        "Monterey Jack"
      ],
      "meal": [
        "Main",
        "Lunch"
      ],
      "special-consideration": [
        "Nut Free",
        "Vegetarian"
      ],
      "simple-cooking": [
        "Quick",
        "Easy"
      ],
      "technique": [
        "Fry",
        "Saute"
      ],
      "source": [
        "Cookbooks"
      ]
    },
    "publish_date": "December 14, 2011",
    "image_filename": null
  },
  {
    "title": "Steaks Topped with Sweet & Spicy Salad",
    "description": null,
    "ingredients": [
      "4 flatiron steaks",
      "EVOO (extra-virgin olive oil) for drizzling, plus 1/4 cup",
      "Salt and pepper",
      "2 tablespoons ketchup",
      "2 tablespoons grainy Dijon mustard",
      "1 tablespoon Worcestershire sauce",
      "1 small garlic clove, finely chopped",
      "Juice of 1 lemon",
      "1 large heart of romaine, chopped",
      "1 bundle of arugula, chopped"
    ],
    "instructions": {
      "1": "Heat a grill pan to high. When the grill is very hot, drizzle the steaks with EVOO and season with salt and pepper. Cook for 3 to 4 minutes on each side for pink centers (a couple minutes longer for medium-well). Rest the meat before serving.",
      "2": "Meanwhile, in a salad bowl, combine the ketchup, mustard, Worcestershire sauce, garlic, and lemon juice. Whisk in the 1/4 cup EVOO and season with salt and pepper. Add the greens and toss. Serve the salad on top of the steaks."
    },
    "cooking_time": null,
    "servings": null,
    "ratings": null,
    "tags": {
      "ingredient": [
        "Steak",
        "Beef",
        "Meat",
        "Romaine",
        "Lettuce",
        "Leafy Greens",
        "Vegetable",
        "Arugula"
      ],
      "meal": [
        "Main",
        "Dinner"
      ],
      "special-consideration": [
        "Nut Free",
        "Gluten Free",
        "Dairy Free"
      ],
      "simple-cooking": [
        "Quick",
        "Easy",
        "30 Minutes or Less",
        "Weeknight Meals"
      ],
      "technique": [
        "Sear"
      ],
      "source": [
        "Cookbooks"
      ]
    },
    "publish_date": "December 9, 2011",
    "image_filename": null
  },
  {
    "title": "Lamb Bulgogi with Asian Pear Dipping Sauce",
    "description": "Bulgogi (grilled marinated beef) is a traditional Korean dish. Here, lamb stands in for the steak. The meat is served with lettuce leaves and other veggies, hot pepper paste, and a slightly sweet dipping sauce. Guests use all of the ingredients to assemble their own lettuce wraps, which is a common practice in Korean restaurants. Timing note: The lamb needs to marinate for at least four hours.",
    "ingredients": [
      "4 green onions, coarsely chopped",
      "3 tablespoons sugar",
      "3 garlic cloves, coarsely chopped",
      "1 2-inch piece fresh ginger, peeled, cut into thin rounds",
      "2/3 cup soy sauce",
      "2/3 cup mirin (sweet Japanese rice wine)",
      "1/3 cup Asian sesame oil",
      "2 tablespoons toasted sesame seeds",
      "1 teaspoon freshly ground black pepper",
      "1 boned butterflied leg of lamb (about 5 1/2 pounds; from one 6 1/2- to 7-pound bone-in leg), trimmed of excess fat",
      "1 cup chopped peeled cored Asian pear (about 1/2 large)",
      "10 green onions; 2 chopped, 8 trimmed",
      "1/2 cup soy sauce",
      "1/2 cup mirin (sweet Japanese rice wine)",
      "3 tablespoons sugar",
      "3 tablespoons Asian sesame oil",
      "4 tablespoons toasted sesame seeds, divided",
      "Nonstick vegetable oil spray",
      "8 jalapeño chiles, halved (seeded, if desired)",
      "8 garlic cloves, peeled",
      "1/2 cup kochujang (Korean hot pepper paste)",
      "1 large head of butter lettuce, leaves separated and left whole",
      "Ingredient info: Mirin is sold in the Asian foods section of some supermarkets and at Japanese markets. Kochujang is a spicy red paste made with pureed fermented soybeans (miso) and hot chiles. It's available at Korean markets and online from koamart.com. If you can't find Kochujang, substitute 1/3 cup miso mixed with 2 tablespoons sriracha hot sauce.",
      "Test-Kitchen tip: Ask your butcher to bone, butterfly, and trim the leg of lamb for you. Save the bone, pop it in the freezer, and use it to make soup or stock.",
      "3 metal skewers or bamboo skewers soaked in water at least 1 hour"
    ],
    "instructions": {
      "1": "Place green onions, sugar, chopped garlic, and sliced ginger in processor and blend until finely chopped, stopping occasionally to scrape down sides of bowl. Transfer mixture to medium bowl. Add soy sauce, mirin, Asian sesame oil, toasted sesame seeds, and black pepper; whisk marinade to blend. Pour 1 cup marinade into 15x10x2-inch glass baking dish. Open boned leg of lamb like book; add to baking dish, arranging in single layer. Pour remaining marinade over lamb, spreading to cover evenly. Cover and refrigerate at least 4 hours and up to 1 day, turning lamb occasionally.",
      "2": "Puree Asian pear and chopped green onions in processor until smooth. Add soy sauce, mirin, and sugar and process until sugar dissolves. Add Asian sesame oil and 2 tablespoons toasted sesame seeds; process until sesame oil is incorporated (most sesame seeds will remain intact). Transfer sauce to 2-cup measuring cup. Season sauce to taste with salt and pepper. DO AHEAD: Dipping sauce can be made 1 day ahead. Cover and refrigerate.",
      "3": "Coat grill rack with nonstick spray; prepare barbecue (medium heat). Thread jalapeño chile halves onto 2 metal skewers, dividing equally. Thread garlic cloves onto another metal skewer, spacing slightly apart. Place jalapeño and garlic skewers on plate and set aside.",
      "4": "Remove lamb from marinade and place on prepared grill with some marinade still clinging to surface (discard marinade in dish). Grill lamb until meat is cooked to desired doneness, about 15 to 20 minutes per side for medium (if lamb begins to burn, slide large sheet of heavy-duty aluminum foil underneath and continue to grill). Transfer lamb to work surface and let rest 10 minutes.",
      "5": "While lamb rests, grill jalapeños, garlic, and trimmed green onions until slightly charred and tender, 3 to 4 minutes per side. Transfer to work surface.",
      "6": "Place kochujang (hot pepper paste) in small bowl. Stir dipping sauce and divide among 8 small dishes. Arrange butter lettuce leaves on large serving platter to cover. Thinly slice grilled lamb and arrange over lettuce leaves. Cut garlic cloves lengthwise in half. Cut green onions into 2-inch pieces. Arrange jalapeños, garlic, and green onions around lamb. Sprinkle remaining 2 tablespoons toasted sesame seeds over lamb. Serve grilled lamb and vegetables with hot pepper paste. Allow guests to spread very small amounts of kochujang over lettuce leaves, arrange lamb and vegetables in lettuce leaves, then wrap filling with lettuce leaves and dip into sauce."
    },
    "cooking_time": null,
    "servings": 8,
    "ratings": {
      "rating": 5,
      "count": 11
    },
    "tags": {
      "type": [
        "Wrap"
      ],
      "cuisine": [
        "Korean",
        "East Asian",
        "Asian"
      ],
      "ingredient": [
        "Leg of Lamb",
        "Lamb",
        "Meat",
        "Asian Pear",
        "Fruit",
        "Scallion",
        "Onion",
        "Root Vegetable",
        "Vegetable",
        "Ginger",
        "Herbs & Spices",
        "Lettuce",
        "Leafy Greens"
      ],
      "meal": [
        "Main",
        "Dinner"
      ],
      "special-consideration": [
        "Dairy Free"
      ],
      "technique": [
        "Grilling"
      ],
      "equipment": [
        "Food Processor"
      ],
      "source": [
        "Bon Appétit"
      ]
    },
    "publish_date": "June 11, 2010",
    "image_filename": "lamb-bulgogi-with-asian-pear-dipping-sauce-359749"
  },
  {
    "title": "Tomato and Chili Dressing",
    "description": "This is particularly delicious with grilled fish.",
    "ingredients": [
      "3/4 cup extra-virgin olive oil",
      "4 tablespoons lemon juice",
      "4 tomatoes, skinned and diced",
      "1/2 red chili pepper, minced, or a pinch of ground chili pepper"
    ],
    "instructions": {
      "1": "Simply heat the oil with the lemon juice and tomatoes, adding the chili. Do not cook them."
    },
    "cooking_time": null,
    "servings": null,
    "ratings": null,
    "tags": {
      "type": [
        "Salad Dressing",
        "Salad"
      ],
      "cuisine": [
        "Middle Eastern"
      ],
      "ingredient": [
        "Lemon",
        "Citrus",
        "Fruit",
        "Tomato",
        "Vegetable"
      ],
      "meal": [
        "Lunch",
        "Dinner"
      ],
      "special-consideration": [
        "Dairy Free",
        "Gluten Free",
        "Vegetarian",
        "Vegan",
        "Nut Free"
      ],
      "simple-cooking": [
        "Quick",
        "Easy"
      ],
      "source": [
        "Cookbooks"
      ]
    },
    "publish_date": "December 9, 2011",
    "image_filename": null
  },
  {
    "title": "Cucumber-Ginger Fizzes",
    "description": null,
    "ingredients": [
      "1 1/2 cups vodka",
      "2 English cucumbers (1 peeled and coarsely chopped, 1 whole)",
      "1 lime, cut into 8 wedges",
      "2 bottles (750 ml each) sparkling water",
      "1/2 to 1 cup Ginger Simple Syrup (recipe page 614)"
    ],
    "instructions": {
      "1": "Put vodka and the chopped cucumber into a nonreactive container. Refrigerate 1 hour. Strain; discard cucumber. Refrigerate until ready to use, up to 2 days.",
      "2": "Using a vegetable peeler, shave the remaining cucumber lengthwise into wide strips; discard seeds.",
      "3": "Fill 8 glasses with ice. Add 3 cucumber strips and 3 tablespoons infused vodka to each glass. Squeeze a lime wedge into each, and drop into drink. Top with sparkling water, and stir in 1 to 2 tablespoons of the ginger syrup. Serve immediately."
    },
    "cooking_time": null,
    "servings": null,
    "ratings": null,
    "tags": {
      "type": [
        "Cocktail",
        "Alcohol",
        "Beverages",
        "Vodka"
      ],
      "ingredient": [
        "Cucumber",
        "Vegetable",
        "Lime",
        "Citrus",
        "Fruit"
      ],
      "simple-cooking": [
        "Make Ahead",
        "5 Ingredients or Fewer"
      ],
      "source": [
        "Cookbooks"
      ]
    },
    "publish_date": "January 26, 2012",
    "image_filename": null
  },
  {
    "title": "Winter Vegetables and Bulgur",
    "description": "This vegetarian main course is hearty, healthy, and delicious.",
    "ingredients": [
      "2 tablespoons olive oil",
      "4 cups 3/4-inch pieces chopped peeled assorted root vegetables (such as carrots, turnips, celery root, and golden beets)",
      "2 cups chopped onions",
      "4 cups vegetable broth",
      "1 rounded teaspoon herbes de Provence",
      "1 1/2 cups bulgur (about 8 ounces)",
      "1 6-ounce package baby spinach leaves"
    ],
    "instructions": {
      "1": "Heat oil in heavy large pot over high heat. Add root vegetables and onions; sauté until beginning to brown, about 10 minutes. Add vegetable broth and herbes de Provence; bring to boil. Add bulgur; cover pot and reduce heat to low. Simmer until bulgur is almost tender, stirring occasionally, about 15 minutes. Add spinach; stir until wilted, about 1 minute. Season to taste with salt and pepper."
    },
    "cooking_time": 40,
    "servings": null,
    "ratings": {
      "rating": 3.8,
      "count": 14
    },
    "tags": {
      "ingredient": [
        "Bulgur",
        "Rice & Grains",
        "Spinach",
        "Leafy Greens",
        "Vegetable"
      ],
      "meal": [
        "Main",
        "Dinner",
        "Lunch"
      ],
      "special-consideration": [
        "Dairy Free",
        "Nut Free",
        "Vegan",
        "Vegetarian"
      ],
      "simple-cooking": [
        "Easy"
      ],
      "technique": [
        "Simmer"
      ],
      "occasion": [
        "Winter"
      ],
      "source": [
        "Bon Appétit"
      ]
    },
    "publish_date": "January 31, 2006",
    "image_filename": null
  },
  {
    "title": "Dinner, Wrapped Up (Black Bean, Chicken, and Chorizo Burritos)",
    "description": "This one reminds me of the California surfer scene. It’s a way-cool mega-rito, dude!",
    "ingredients": [
      "2 tablespoons vegetable oil",
      "1 large onion, chopped",
      "Salt and black pepper",
      "1 1/2 cups white rice",
      "3 1/2 cups chicken stock",
      "1/3 pound chorizo, chopped (a package usually weighs 3/4 pound—use half)",
      "3 large garlic cloves, chopped",
      "2 teaspoons ground cumin, 2/3 palmful",
      "1 teaspoon ground coriander, 1/3 palmful",
      "1 1/4 to 1 1/2 pounds chicken tenders, chopped into small dice",
      "1 ripe Hass avocado",
      "1 pint grape tomatoes, halved",
      "1 small jalapeño pepper, seeded and finely chopped",
      "1/4 cup fresh cilantro leaves, a generous handful, chopped",
      "Juice of 1 lime",
      "1 14-ounce can black beans, drained and rinsed",
      "8 10- to 12-inch flour tortillas",
      "2 cups shredded sharp Cheddar cheese",
      "3/4 cup prepared salsa (optional)",
      "1 cup sour cream (optional)"
    ],
    "instructions": {
      "1": "Heat a medium-size saucepan with a tight-fitting lid over medium heat with about 1 tablespoon of the oil, once around the pan. Add one fourth of the chopped onion and season with salt and pepper, then cook for 1 minute. Add the rice, stir to coat in the oil, then add 2 1/2 cups of the chicken stock and bring up to a simmer. Cover the pot, reduce the heat to medium low, and cook the rice for 15 to 17 minutes, until tender.",
      "2": "While the rice is cooking, preheat a large skillet over medium-high heat with the remaining tablespoon of vegetable oil. Add the chorizo and cook for 2 minutes. Add the remaining chopped onion, the garlic, cumin, coriander, and a little salt and pepper, and cook for about 3 minutes, or until the onions start to get tender. Add the chicken and cook for 4 to 5 minutes, or until the chicken is cooked through.",
      "3": "Halve the avocado, remove the pit with a spoon, and then carefully scoop out the flesh. Cut the two halves into small bite-size pieces and transfer to a bowl. Add the halved tomatoes, jalapeño, cilantro, lime juice, salt, and pepper, and mix to combine.",
      "4": "Add the remaining cup of chicken stock to the skillet with the chorizo and chicken and bring it up to a bubble. Once it is simmering, add the black beans and continue to cook until the liquids are just barely visible and the beans are heated through, a couple of minutes.",
      "5": "Heat a large dry skillet over high heat to blister the tortillas. Have a clean kitchen towel nearby to wrap the tortillas and keep them warm. Once the skillet is hot, add a tortilla and heat for about 30 seconds on each side, remove from the skillet, and wrap it in the towel. Continue until all the tortillas have been heated. If you have a gas stove, you can blister them directly over the flame itself.",
      "6": "Once the rice is done, fluff it with a fork. To assemble a burrito, scatter a small handful of cheese, about 1/4 cup, across the center of a tortilla. Top with a couple of generous kitchen spoonfuls, about 3/4 cup, of cooked rice. The rice will catch the juices from the couple of kitchen spoonfuls of black beans, chicken, and chorizo that come next! Dot the mound of fillings with some salsa and sour cream, if you like. Tuck the sides in, then wrap and roll. Cut in half and serve. Repeat to form up to 8 wraps."
    },
    "cooking_time": null,
    "servings": 4,
    "ratings": null,
    "tags": {
      "type": [
        "Burrito",
        "Wrap"
      ],
      "ingredient": [
        "Black Bean",
        "Bean and Legume",
        "Vegetable",
        "Chicken",
        "Poultry",
        "Chorizo",
        "Sausage",
        "Meat",
        "Rice",
        "Rice & Grains",
        "Avocado",
        "Grape Tomato",
        "Tomato",
        "Cheddar",
        "Cheese",
        "Dairy"
      ],
      "meal": [
        "Main",
        "Dinner"
      ],
      "special-consideration": [
        "Nut Free"
      ],
      "simple-cooking": [
        "30 Minutes or Less"
      ],
      "technique": [
        "Saute"
      ],
      "source": [
        "Cookbooks"
      ]
    },
    "publish_date": "December 9, 2011",
    "image_filename": null
  },
  {
    "title": "Sautéed Vegetable on Crostini",
    "description": "This delicious dish can be prepared completely ahead of time. You can serve it at room temperature, but I like to reheat the vegetables before I serve them.",
    "ingredients": [
      "1 (1-pound) French baguette loaf",
      "1/4 cup olive oil",
      "1 garlic clove",
      "1 green pepper",
      "1 red pepper",
      "1 yellow pepper",
      "1 pound fresh mushrooms",
      "1 large red onion",
      "Salt and pepper"
    ],
    "instructions": {
      "1": "Preheat the oven to 375°F.",
      "2": "Cut the baguette into 1/4- to 3/8-inch-thick slices and place them on a baking sheet. Brush the bread with 2 tablespoons of the olive oil. Bake for 7 to 9 minutes, until light brown and toasted. Peel the garlic and rub it over the warm bread slices.",
      "3": "Cut the peppers in half and remove and discard the stems and seeds. Slice the peppers into thin strips. Remove and discard the ends of the mushroom stems and thinly slice. Peel the onion, cut in half, and thinly slice.",
      "4": "Heat the remaining 2 tablespoons of olive oil in a large sauté pan and add the vegetables. (If all of the vegetables won’t fit in your pan, cook what will fit for a few minutes until they cook down a little and then add the rest.) Cook over medium heat, stirring occasionally, for 20 minutes, or until all of the vegetables are soft. Turn the heat to high and cook for 5 more minutes, or until most of the liquid has been absorbed. Season with salt and pepper and serve in a bowl with a spoon and the crostini on the side."
    },
    "cooking_time": null,
    "servings": null,
    "ratings": null,
    "tags": {
      "type": [
        "Toast",
        "Sandwich"
      ],
      "ingredient": [
        "Bell Pepper",
        "Vegetable",
        "Red Onion",
        "Onion",
        "Root Vegetable",
        "Mushroom"
      ],
      "meal": [
        "Starter",
        "Snack",
        "Dinner"
      ],
      "special-consideration": [
        "Nut Free",
        "Dairy Free",
        "Vegetarian",
        "Vegan"
      ],
      "simple-cooking": [
        "Easy",
        "Quick",
        "Weeknight Meals",
        "30 Minutes or Less"
      ],
      "technique": [
        "Saute"
      ],
      "source": [
        "Cookbooks"
      ]
    },
    "publish_date": "December 9, 2011",
    "image_filename": null
  },
  {
    "title": "Apple Walnut Pancakes with Cinnamon Cream and Fudge Sauce '21' Club",
    "description": "These thin pancakes resemble crêpes more than the thick apple pancakes served at '21' back in the thirties and forties. They are definitely more delicate than the traditional version, but the flavors of apples and walnuts still hark back to their heftier ancestors. Most of the components of this recipe may be made ahead of time and the dessert assembled just prior to serving.",
    "ingredients": [
      "1 3/4 pounds Macoun or other tart apples (4 to 6)",
      "2 tablespoons unsalted butter",
      "1/3 cup pure maple syrup",
      "1/2 cup walnuts, chopped",
      "1 teaspoon cinnamon",
      "1 teaspoon fresh lemon juice",
      "1/4 cup Grand Marnier",
      "12 orange pancakes",
      "1/2 cup well-chilled heavy cream",
      "2 tablespoons confectioners' sugar",
      "1/2 teaspoon cinnamon",
      "1/2 cup crème fraîche*",
      "1/2 cup fudge sauce",
      "*available at specialty foods shops and some supermarkets"
    ],
    "instructions": {
      "1": "Peel and core apples and cut into 1/4-inch wedges. In a skillet heat butter over moderately high heat until foam subsides and sauté apples until a rich golden, 6 to 8 minutes. Reduce heat to low. Carefully stir in syrup, walnuts, cinnamon, and lemon juice and cook until apples are tender throughout but not mushy and liquid is reduced to a syrup-like consistency. Remove skillet from heat and stir in Grand Marnier. Cook filling over low heat 1 minute to blend flavors and keep warm. Filling may be made 1 day ahead and chilled, covered. Reheat filling before proceeding.",
      "2": "Preheat oven to 250°F.",
      "3": "Put 2 1/2 tablespoons warm apple filling in center of each pancake and roll up pancakes tightly to enclose filling. In a baking pan keep filled pancakes warm in oven.",
      "4": "In a bowl with a whisk or an electric mixer beat cream with confectioners' sugar and cinnamon until it holds soft peaks and fold in crème fraîche.",
      "5": "Put 2 filled pancakes on each of 6 dessert plates. Top pancakes with some cinnamon cream and drizzle with fudge sauce."
    },
    "cooking_time": null,
    "servings": null,
    "ratings": {
      "rating": 4.4,
      "count": 2
    },
    "tags": {
      "type": [
        "Fruit Dessert",
        "Dessert",
        "Grand Marnier",
        "Liqueur",
        "Alcohol",
        "Beverages"
      ],
      "ingredient": [
        "Apple",
        "Fruit",
        "Walnut",
        "Nut"
      ],
      "source": [
        "Gourmet"
      ]
    },
    "publish_date": "August 20, 2004",
    "image_filename": null
  },
  {
    "title": "Classic Mashed Potatoes",
    "description": "There is no such thing as too many starchy dishes on the holiday buffet table, right? For many families, Thanksgiving dinner wouldn't be right without mashed potatoes. It seems there is always one family member relegated to the task of whipping them at the last minute—an honorable duty. And there is always someone else leaning over his shoulder making sure he adds a bit more butter. If you want to assign mashed potato duty to a family member, but would like to avoid the last minute chaos in the kitchen, know that it works perfectly well to cook and mash potatoes up to 1 hour in advance. They can be kept warm in the top of a double boiler set over simmering water, or reheated in a microwave oven just before serving. If you use the do-ahead plan, be sure to add an extra pat of butter, or two!",
    "ingredients": [
      "4 large russet potatoes (about 2 pounds total)",
      "1 teaspoon salt",
      "3/4 cups milk",
      "6 tablespoons unsalted butter",
      "Freshly ground pepper"
    ],
    "instructions": {
      "1": "Peel the potatoes and rinse under cold water. Cut each into quarters and place in a 3-to 4-quart saucepan. Cover with cold water, partially cover the pot, and bring the water to a boil. Uncover, add the 1 teaspoon of salt, and reduce the heat so the water boils gently. Cook until the potatoes are tender when pierced with a fork, about 10 to 12 minutes. Meanwhile, in a small saucepan, heat the milk and butter together until the butter has melted and the mixture is hot but not boiling.",
      "2": "Drain the potatoes and return them to the warm pan over low heat for 1 minute to evaporate any excess water. Use a potato masher, ricer, or food mill to mash the potatoes. Stir the milk and butter mixture into the potatoes, a little at a time, until the potatoes are as soft and moist as you like. Add salt and pepper to taste. Serve immediately, or keep warm in the top of a double boiler, or cover and rewarm in a microwave oven."
    },
    "cooking_time": null,
    "servings": null,
    "ratings": {
      "rating": 5,
      "count": 1
    },
    "tags": {
      "ingredient": [
        "Russet Potato",
        "Potato",
        "Root Vegetable",
        "Vegetable"
      ],
      "meal": [
        "Side",
        "Dinner"
      ],
      "special-consideration": [
        "Gluten Free",
        "Nut Free",
        "Vegetarian"
      ],
      "simple-cooking": [
        "Quick",
        "Easy",
        "Weeknight Meals",
        "5 Ingredients or Fewer"
      ],
      "source": [
        "Cookbooks"
      ]
    },
    "publish_date": "September 16, 2009",
    "image_filename": "classic-mashed-potatoes-355449"
  },
  {
    "title": "Korean Vegetable Rice Bowl",
    "description": "Bibimbop\nA glorious combination of fresh stir-fried vegetables, each cooked separately to allow its flavors to stay true, is liberally seasoned with garlic and sesame oil. To gild the lily, every serving is topped off with a rich fried egg that gets added just before eating.",
    "ingredients": [
      "1 2/3 cups Asian short-grain white or sushi rice",
      "2 cups water",
      "1 (10- to 12-ounce) bunch flat-leaf spinach, stems discarded",
      "1/2 pound fresh soybean or mung-bean sprouts, trimmed",
      "2 large carrots",
      "1 small zucchini, trimmed",
      "1 cup drained preserved fiddlehead fern stems (also called bracken fern, kosari, or warabi; optional)",
      "1/4 cup plus 2 teaspoons vegetable oil",
      "6 ounces fresh shiitake mushrooms, stems discarded and caps cut into very thin slices (2 cups)",
      "6 teaspoons finely chopped garlic (from 4 cloves)",
      "1 1/2 teaspoons salt",
      "1 1/2 teaspoons Asian sesame oil",
      "2 teaspoons sesame seeds, toasted and coarsely chopped",
      "4 large eggs",
      "4 tablespoons Korean hot-pepper paste (sometimes labeled \"gochujang\")",
      "8 (3 1/2 - by 3-inch) sheets toasted nori (dried laver, preferably seasoned), cut into thin strips with scissors",
      "Accompaniments: packaged cabbage kimchi (Korean spicy pickled cabbage) or other vegetable kimchi",
      "an adjustable-blade slicer fitted with julienne blade"
    ],
    "instructions": {
      "1": "Wash rice in several changes of cold water until water is almost clear, then drain in a sieve. Bring rice and water (2 cups) to a boil in a 1 1/2- to 2-quart heavy saucepan, uncovered, then reduce heat to low and cook, covered, until water is absorbed and rice is tender, about 20 minutes. Remove from heat and let stand, covered, 10 minutes, then stir rice from top to bottom. Keep warm, covered.",
      "2": "Wash spinach well and cook in a 4- to 5-quart pot of boiling salted water , stirring, until just wilted, 15 to 30 seconds. Transfer with tongs to a large bowl of ice and cold water to stop cooking, reserving cooking water. Drain spinach and squeeze small handfuls to remove as much moisture as possible. Return spinach-cooking water to a boil, then add bean sprouts and cook, stirring, until just tender, 2 to 3 minutes. Drain in a colander.",
      "3": "Holding each carrot at a 45-degree angle to slicer, cut carrots into thin (1/8-inch) matchsticks. Cut skin and firm flesh of zucchini lengthwise into long strips using slicer, avoiding center core with seeds (discard core). Rinse and drain fern stems, then cut off and discard any dark or hard pieces. Cut ferns crosswise into 2-inch pieces.",
      "4": "Heat 2 teaspoons vegetable oil in a 12-inch nonstick skillet over moderately high heat, swirling to coat, until hot but not smoking, then sauté mushrooms, 1 teaspoon garlic, and 1/4 teaspoon salt, stirring, until mushrooms are tender, about 3 minutes. Stir in 1/4 teaspoon sesame oil and transfer to a small bowl. Wipe skillet clean with a paper towel. Working with each vegetable separately, sauté carrots, zucchini, bean sprouts, fern stems, and spinach, each in 2 teaspoons vegetable oil with 1 teaspoon garlic and 1/4 teaspoon salt, in same manner, then stirring in 1/4 teaspoon sesame oil for each. Transfer each vegetable to its own bowl as cooked and season with salt. Stir 1 teaspoon sesame seeds into spinach.",
      "5": "Wipe skillet clean and heat remaining 2 teaspoons vegetable oil over moderate heat until hot but not smoking, then crack eggs into skillet and fry until whites are cooked and yolks begin to set, 4 to 6 minutes.",
      "6": "Divide rice among 4 shallow bowls, mounding it into a dome. Arrange vegetables on top of rice and place 1 egg on top of each rice bowl. Spoon 1 tablespoon hot-pepper paste over each serving, then sprinkle with nori and remaining teaspoon sesame seeds."
    },
    "cooking_time": 0,
    "servings": null,
    "ratings": {
      "rating": 4.5,
      "count": 7
    },
    "tags": {
      "type": [
        "Rice Bowl",
        "Grain Bowl"
      ],
      "cuisine": [
        "Korean",
        "East Asian",
        "Asian"
      ],
      "ingredient": [
        "Sushi Rice",
        "Rice",
        "Rice & Grains",
        "Spinach",
        "Leafy Greens",
        "Vegetable",
        "Carrot",
        "Root Vegetable",
        "Zucchini",
        "Squash",
        "Shiitake Mushroom",
        "Mushroom",
        "Nori",
        "Seaweed"
      ],
      "meal": [
        "Main",
        "Dinner"
      ],
      "special-consideration": [
        "Vegetarian",
        "Dairy Free"
      ],
      "source": [
        "Gourmet"
      ]
    },
    "publish_date": "April 18, 2007",
    "image_filename": "korean-vegetable-rice-bowl-238434"
  },
  {
    "title": "Pumpkin Bread Pudding with Cranberry Caramel Sauce",
    "description": null,
    "ingredients": [
      "1 loaf pumpkin cranberry bread",
      "1/3 cup minced peeled fresh ginger",
      "3/4 cup sugar",
      "2 tablespoons water",
      "2 cups milk",
      "1 cup heavy cream",
      "3 large whole eggs",
      "3 large egg yolks",
      "cranberry caramel sauce"
    ],
    "instructions": {
      "1": "Preheat oven to 350° F. and butter a 9- by 2-inch round cake pan. Line cake pan with a round of wax paper and butter wax paper.",
      "2": "Cut enough 1/4-inch-thick slices from loaf to line side of cake pan, trimming slices so that tops are flush with rim of pan. Gently press slices against side of cake pan to make them adhere.",
      "3": "Cut enough of remaining loaf, including scraps, into 1/2-inch pieces to measure 5 cups and put in bottom of cake pan.",
      "4": "In a heavy saucepan bring ginger, sugar, and water to a boil, stirring until sugar is dissolved, and simmer 5 minutes. Add milk and cream and bring just to a simmer. Remove pan from heat.",
      "5": "In a heatproof bowl whisk together whole eggs and yolks and add hot milk mixture in a stream, whisking. Pour custard through a fine sieve onto bread pieces in bottom of cake pan, pressing hard on ginger, and coat pieces well (bread pieces will float to surface of custard).",
      "6": "Put cake pan in a larger pan and add enough water to larger pan to reach half-way up side of cake pan. Bake pudding in middle of oven 45 to 50 minutes, or until custard is set and a skewer inserted in center comes out clean. Remove cake pan from larger pan and cool pudding on a rack. Chill pudding, covered, until cold, at least 4 hours and up to 1 day.",
      "7": "To unmold pudding, run a thin knife around edge of cake pan and dip pan into a bowl of hot water 15 seconds. Invert a large plate over cake pan and invert pudding onto plate. Peel off wax paper and invert pudding right side up onto another large plate. Bring pudding to room temperature and cut into wedges. (If serving pudding warm, transfer wedges to a baking sheet and reheat in a 325° F. oven.)",
      "8": "Serve pudding at room temperature or warm with caramel sauce."
    },
    "cooking_time": null,
    "servings": null,
    "ratings": {
      "rating": 3.3,
      "count": 12
    },
    "tags": {
      "type": [
        "Egg",
        "Dessert"
      ],
      "technique": [
        "Baking"
      ],
      "occasion": [
        "Thanksgiving",
        "Fall"
      ],
      "ingredient": [
        "Cranberry",
        "Berry",
        "Fruit",
        "Pumpkin",
        "Squash",
        "Vegetable"
      ],
      "source": [
        "Gourmet"
      ]
    },
    "publish_date": "August 20, 2004",
    "image_filename": null
  },
  {
    "title": "One-Pan Chicken Drumsticks with Rice and Beans",
    "description": "Clean out your pantry with this customizable one-pan dinner that can be seasoned with whatever spices you happen to have on hand.",
    "ingredients": [
      "8 chicken drumsticks",
      "2 1/2 tsp. kosher salt, divided",
      "1 tsp. freshly ground black pepper",
      "3 Tbsp. extra-virgin olive oil",
      "1 onion, finely chopped",
      "1 tsp. ground cinnamon or cumin",
      "1 tsp. ground turmeric, curry powder, or ground coriander",
      "1/2 cup white rice (any type except for sticky rice)",
      "1 (15-oz.) can chickpeas, white beans, black beans, or other beans, drained, rinsed",
      "1/2 cup dried fruit, such as currants, raisins, cherries, or cranberries (optional)",
      "1/2 tsp. crushed red pepper flakes (optional)",
      "1/4 cup coarsely chopped tender herbs, such as cilantro, parsley, mint, basil, and/or dill"
    ],
    "instructions": {
      "1": "Season drumsticks on all sides with 2 tsp. salt and 1 tsp. black pepper.",
      "2": "Heat oil in a large deep-sided skillet over medium-high. Add chicken and cook, turning once halfway through, until skin is golden brown, about 10 minutes total. Transfer to a plate.",
      "3": "Add onion, cinnamon, and turmeric to fat in skillet and cook over medium-high heat, stirring constantly, until fragrant, about 1 minute. Add rice and stir to coat. Add 1 1/4 cups hot water, scraping up browned bits from pan, then stir in chickpeas, dried fruit (if using), red pepper (if using), and remaining 1/2 tsp. salt. Nestle chicken back into skillet and bring liquid to a boil. Immediately reduce heat to low, cover, and cook until rice is tender and chicken is cooked through, 20–25 minutes.",
      "4": "Remove from heat and let sit 5 minutes. Fluff rice with a fork, then scatter herbs over."
    },
    "cooking_time": 50,
    "servings": 4,
    "ratings": {
      "rating": 4.5,
      "count": 81
    },
    "tags": {
      "ingredient": [
        "Chicken Drumstick",
        "Chicken",
        "Poultry",
        "Rice",
        "Rice & Grains",
        "Chickpea",
        "Bean and Legume",
        "Vegetable",
        "White Bean",
        "Black Bean"
      ],
      "meal": [
        "Main",
        "Dinner"
      ],
      "special-consideration": [
        "Dairy Free",
        "Nut Free",
        "Gluten Free"
      ],
      "simple-cooking": [
        "One-Pot Meals",
        "Weeknight Meals"
      ],
      "source": [
        "Epicurious"
      ]
    },
    "publish_date": "May 21, 2018",
    "image_filename": "one-pan-chicken-drumsticks-with-rice-and-beans"
  },
  {
    "title": "Baked Penne with Broccoli and Three Cheeses",
    "description": null,
    "ingredients": [
      "2 teaspoons olive oil",
      "3 garlic cloves, minced",
      "2 cups penne pasta",
      "3 cups 1-inch broccoli florets",
      "2 cups purchased marinara sauce",
      "1 cup (packed) coarsely grated low-fat mozzarella cheese",
      "1/2 cup low-fat ricotta cheese",
      "1/2 cup chopped fresh basil",
      "2 tablespoons grated Parmesan cheese"
    ],
    "instructions": {
      "1": "Stir oil and garlic in small skillet over medium heat 1 minute; set aside. Cook penne in large pot of boiling salted water until almost tender, about 11 minutes. Add broccoli; cook 1 minute. Drain.",
      "2": "Mix marinara, 1/2 cup mozzarella, ricotta, basil, 1 tablespoon Parmesan, and sautéed garlic in large bowl. Add pasta and broccoli; toss. Season with salt and pepper. Transfer to 11x7x2-inch glass baking dish. Sprinkle remaining mozzarella and Parmesan over.",
      "3": "Preheat oven to 400°F. Bake pasta uncovered until cheese melts, about 20 minutes. Let stand 5 minutes."
    },
    "cooking_time": null,
    "servings": 4,
    "ratings": {
      "rating": 3.5,
      "count": 66
    },
    "tags": {
      "type": [
        "Casserole",
        "Penne",
        "Pasta"
      ],
      "ingredient": [
        "Broccoli/Broccolini",
        "Vegetable",
        "Garlic",
        "Root Vegetable",
        "Mozzarella",
        "Cheese",
        "Dairy",
        "Ricotta",
        "Basil",
        "Herbs & Spices",
        "Parmesan"
      ],
      "meal": [
        "Main",
        "Dinner"
      ],
      "special-consideration": [
        "Vegetarian",
        "Nut Free"
      ],
      "simple-cooking": [
        "Weeknight Meals",
        "Easy"
      ],
      "technique": [
        "Oven Bake"
      ],
      "source": [
        "Bon Appétit"
      ]
    },
    "publish_date": "August 20, 2004",
    "image_filename": null
  },
  {
    "title": "Lentil and Rice Pilaf",
    "description": "Rice and lentils make perfect pilaf partners because they can be cooked together and are done simultaneously.",
    "ingredients": [
      "1 vegetable bouillon cube",
      "3/4 cup brown rice",
      "3/4 cup brown or green lentils, rinsed",
      "3 to 4 scallions, thinly sliced",
      "1/4 cup minced fresh parsley or dill",
      "Salt and freshly ground pepper to taste"
    ],
    "instructions": {
      "1": "Bring 4 cups water to a simmer in a large saucepan with the bouillon. Stir in the rice and lentils, cover, and simmer gently until the water is absorbed, about 35 minutes.",
      "2": "Stir in the remaining ingredients, and serve.",
      "3": "These small, peppery legumes cook quickly without soaking. Brown (or green) lentils are widely known in this country, but tiny red lentils, a staple in Indian cookery, are gaining in popularity; they are a bit milder in flavor and cook even faster than larger lentils.",
      "4": "Lentils are particularly tasty when stewed with curry spices and are highly compatible with spinach (see the following recipe as well as Curried Red Lentil and Spinach Soup, page 26).",
      "5": "They are wonderful in hearty salads such as Lentil and Feta Cheese Salad (page 41).",
      "6": "Lentil and Rice Pilaf (this page)",
      "7": "Mixed Greens with Tomatoes, Feta and Olives (page 51)",
      "8": "Steamed green beans, asparagus, or broccolini",
      "9": "Calories: 158",
      "10": "Total Fat: 0g"
    }
  }
]