{
  "hash": "53a5e98a",
  "configHash": "08462bae",
  "lockfileHash": "951b3d8d",
  "browserHash": "af15b71e",
  "optimized": {
    "@angular/common": {
      "src": "../../../../../../node_modules/@angular/common/fesm2022/common.mjs",
      "file": "@angular_common.js",
      "fileHash": "61b0d06a",
      "needsInterop": false
    },
    "@angular/common/http": {
      "src": "../../../../../../node_modules/@angular/common/fesm2022/http.mjs",
      "file": "@angular_common_http.js",
      "fileHash": "60c229eb",
      "needsInterop": false
    },
    "@angular/core": {
      "src": "../../../../../../node_modules/@angular/core/fesm2022/core.mjs",
      "file": "@angular_core.js",
      "fileHash": "8ab83b53",
      "needsInterop": false
    },
    "@angular/forms": {
      "src": "../../../../../../node_modules/@angular/forms/fesm2022/forms.mjs",
      "file": "@angular_forms.js",
      "fileHash": "24a336b3",
      "needsInterop": false
    },
    "@angular/platform-browser": {
      "src": "../../../../../../node_modules/@angular/platform-browser/fesm2022/platform-browser.mjs",
      "file": "@angular_platform-browser.js",
      "fileHash": "1b8a9cae",
      "needsInterop": false
    },
    "@angular/platform-server/init": {
      "src": "../../../../../../node_modules/@angular/platform-server/fesm2022/init.mjs",
      "file": "@angular_platform-server_init.js",
      "fileHash": "7e7efcdf",
      "needsInterop": false
    },
    "@angular/router": {
      "src": "../../../../../../node_modules/@angular/router/fesm2022/router.mjs",
      "file": "@angular_router.js",
      "fileHash": "0e53c86d",
      "needsInterop": false
    },
    "@angular/ssr": {
      "src": "../../../../../../node_modules/@angular/ssr/fesm2022/ssr.mjs",
      "file": "@angular_ssr.js",
      "fileHash": "9488e6ee",
      "needsInterop": false
    },
    "@angular/ssr/node": {
      "src": "../../../../../../node_modules/@angular/ssr/fesm2022/node.mjs",
      "file": "@angular_ssr_node.js",
      "fileHash": "95fe025a",
      "needsInterop": false
    },
    "express": {
      "src": "../../../../../../node_modules/express/index.js",
      "file": "express.js",
      "fileHash": "617d9ae0",
      "needsInterop": true
    },
    "zone.js/node": {
      "src": "../../../../../../node_modules/zone.js/fesm2015/zone-node.js",
      "file": "zone__js_node.js",
      "fileHash": "c1a25970",
      "needsInterop": true
    },
    "rxjs": {
      "src": "../../../../../../node_modules/rxjs/dist/cjs/index.js",
      "file": "rxjs.js",
      "fileHash": "69780655",
      "needsInterop": true
    },
    "rxjs/operators": {
      "src": "../../../../../../node_modules/rxjs/dist/cjs/operators/index.js",
      "file": "rxjs_operators.js",
      "fileHash": "71c0c2c3",
      "needsInterop": true
    }
  },
  "chunks": {
    "chunk-GLAQEXNJ": {
      "file": "chunk-GLAQEXNJ.js"
    },
    "xhr2-WBTWOK2V": {
      "file": "xhr2-WBTWOK2V.js"
    },
    "chunk-66YGMB7B": {
      "file": "chunk-66YGMB7B.js"
    },
    "chunk-HXELJNRT": {
      "file": "chunk-HXELJNRT.js"
    },
    "chunk-6VHCIHUT": {
      "file": "chunk-6VHCIHUT.js"
    },
    "chunk-SS4I45FR": {
      "file": "chunk-SS4I45FR.js"
    },
    "chunk-B22DVCYO": {
      "file": "chunk-B22DVCYO.js"
    },
    "chunk-INYXGZVI": {
      "file": "chunk-INYXGZVI.js"
    },
    "chunk-7SULSMEY": {
      "file": "chunk-7SULSMEY.js"
    },
    "chunk-JRBTNWFI": {
      "file": "chunk-JRBTNWFI.js"
    },
    "chunk-W6MIQTXE": {
      "file": "chunk-W6MIQTXE.js"
    },
    "chunk-YHCV7DAQ": {
      "file": "chunk-YHCV7DAQ.js"
    }
  }
}